{
    "qe": [
        32533.36133,
        12965.17969,
        11261.62207,
        10133.43066,
        9099.35547,
        9466.79688,
        7126.29053,
        6594.02197,
        5397.15332,
        4469.1333,
        3956.01514,
        3263.61792,
        2312.89966,
        2319.15479,
        1586.08704,
        1190.45532,
        928.91595,
        790.75134,
        718.28345,
        682.59753
    ],
    "wd": [
        0.96,
        1.0,
        0.96,
        0.96,
        0.96,
        0.96,
        0.96,
        1.0,
        0.96,
        1.0,
        0.96,
        1.0,
        0.96,
        0.96,
        1.0,
        1.0,
        1.0,
        1.0,
        1.0,
        1.0
    ],
    "e": [
        3.92035,
        3.86482,
        3.9051,
        4.06007,
        4.02482,
        4.0892,
        4.08895,
        4.26883,
        4.1161,
        4.31263,
        4.27066,
        4.30323,
        4.30435,
        4.30425,
        4.3848,
        4.34904,
        4.37481,
        4.37809,
        4.37809,
        4.37809
    ],
    "dist": [
        93.11715,
        62.84506,
        57.79944,
        52.71548,
        52.78911,
        49.65123,
        42.39724,
        39.2701,
        39.74494,
        34.85716,
        35.20617,
        32.14268,
        30.0736,
        29.58349,
        25.45098,
        22.62475,
        20.75517,
        19.4921,
        18.97719,
        18.73405
    ]
}