{
    "train_loss": {
        "total": [
            [
                3.373567019402981,
                4
            ],
            [
                3.355754242092371,
                4
            ]
        ],
        "sup": [
            [
                3.2757762536406516,
                4
            ],
            [
                3.0520679764449596,
                4
            ]
        ],
        "som": [
            [
                0.09779077013954521,
                4
            ],
            [
                0.3036862675100565,
                4
            ]
        ]
    },
    "test_acc": {
        "student": [
            68.38,
            68.6
        ],
        "teacher": [
            74.18,
            74.96
        ]
    }
}