{
    "qe": [
        2.91506,
        2.21208,
        2.06733,
        1.98297,
        2.01535,
        1.95848,
        1.88139,
        1.84999,
        1.80066,
        1.80286,
        1.64163,
        1.68146,
        1.61635,
        1.62545,
        1.57009,
        1.52134,
        1.42967,
        1.42616,
        1.35263,
        1.33078,
        1.2873,
        1.24369,
        1.23096,
        1.15586,
        1.1239,
        1.05361,
        1.01236,
        0.95721,
        0.91671,
        0.83396,
        0.78333,
        0.7293,
        0.67911,
        0.62676,
        0.58662,
        0.52684,
        0.47828,
        0.43693,
        0.39864,
        0.36372,
        0.32635,
        0.29734,
        0.27153,
        0.24734,
        0.22704,
        0.21374,
        0.20494,
        0.19924,
        0.19536,
        0.19277
    ],
    "wd": [
        0.625,
        0.5,
        0.5,
        0.59375,
        0.5625,
        0.51562,
        0.45312,
        0.5625,
        0.53125,
        0.51562,
        0.48438,
        0.46875,
        0.48438,
        0.48438,
        0.42188,
        0.48438,
        0.51562,
        0.5,
        0.42188,
        0.46875,
        0.5,
        0.4375,
        0.45312,
        0.4375,
        0.42188,
        0.45312,
        0.42188,
        0.42188,
        0.45312,
        0.4375,
        0.42188,
        0.45312,
        0.48438,
        0.45312,
        0.46875,
        0.46875,
        0.46875,
        0.46875,
        0.46875,
        0.48438,
        0.48438,
        0.48438,
        0.5,
        0.5,
        0.5,
        0.5,
        0.5,
        0.5,
        0.5,
        0.5
    ],
    "e": [
        4.45895,
        3.80102,
        3.89317,
        3.94923,
        4.04774,
        4.02062,
        3.87575,
        4.11798,
        4.05729,
        4.23091,
        3.97355,
        4.23725,
        4.20162,
        4.29489,
        4.08753,
        4.24505,
        4.3649,
        4.31537,
        4.23235,
        4.29306,
        4.38985,
        4.28185,
        4.35173,
        4.34077,
        4.32094,
        4.3571,
        4.386,
        4.40048,
        4.51211,
        4.571,
        4.48036,
        4.62018,
        4.63603,
        4.66281,
        4.67599,
        4.68389,
        4.69883,
        4.69883,
        4.73211,
        4.78948,
        4.80489,
        4.80489,
        4.83863,
        4.85162,
        4.85162,
        4.85162,
        4.85162,
        4.85162,
        4.85162,
        4.85162
    ],
    "dist": [
        1.58133,
        1.40504,
        1.34416,
        1.33403,
        1.33676,
        1.30732,
        1.28437,
        1.27644,
        1.25211,
        1.26545,
        1.20285,
        1.21847,
        1.18383,
        1.18979,
        1.16785,
        1.15154,
        1.12277,
        1.10628,
        1.08116,
        1.07662,
        1.06355,
        1.03445,
        1.02107,
        1.00555,
        0.98033,
        0.95061,
        0.92933,
        0.9042,
        0.88464,
        0.84249,
        0.81701,
        0.78673,
        0.75661,
        0.72411,
        0.68772,
        0.65307,
        0.61655,
        0.58621,
        0.54973,
        0.51377,
        0.47581,
        0.43957,
        0.40603,
        0.37006,
        0.34177,
        0.31958,
        0.30398,
        0.29425,
        0.28774,
        0.28346
    ]
}