{
    "train_loss": {
        "0": {
            "0": 0.46849
        }
    },
    "train_acc": {
        "0": 42.10526
    },
    "test_acc": {
        "0": {
            "0": 33.33333
        }
    },
    "conf_mats": {
        "0": {
            "0": [
                [
                    0,
                    15,
                    0
                ],
                [
                    0,
                    15,
                    0
                ],
                [
                    0,
                    15,
                    0
                ]
            ]
        }
    }
}