{
    "train_loss": {
        "0": {
            "0": 0.19969
        }
    },
    "train_acc": {
        "0": 69.17293
    },
    "test_acc": {
        "0": {
            "0": 55.55556
        }
    },
    "conf_mats": {
        "0": {
            "0": [
                [
                    11,
                    4,
                    0
                ],
                [
                    1,
                    14,
                    0
                ],
                [
                    0,
                    15,
                    0
                ]
            ]
        }
    }
}